id,first_name,last_name,gender,Not 1,Not 2,Not 3
1,Denver,O'Cullinane,Male,24,40,56
2,Florette,Minillo,Female,80,21,14
3,Chan,Benne,Male,88,23,59
4,Justino,Mirfield,Male,84,37,54
5,Norma,Boulter,Female,2,50,6
6,Cora,Bohlsen,Female,35,94,88
7,Leora,Snewin,Bigender,38,22,89
8,Hube,Neagle,Male,68,71,84
9,Jonas,Pendrid,Male,94,52,11
10,Christyna,Edgin,Female,66,64,73
11,Waylon,Mulvy,Male,12,9,100
12,Avictor,Clemmen,Male,32,18,90
13,Xylina,Skuse,Genderqueer,93,8,24
14,Basile,Gibbett,Male,49,86,100
15,Witty,Ranald,Male,98,47,21
16,Joelynn,Bibbie,Female,42,9,5
17,Nevins,MacMychem,Male,80,72,49
18,Moss,Barrell,Male,86,79,33
19,Issi,Snowman,Female,93,40,3
20,Enid,Tickel,Female,51,97,8
21,Carney,Da Costa,Polygender,18,90,9
22,Padraig,Wogan,Genderqueer,100,51,34
23,Florencia,Boxell,Female,95,70,5
24,Carol,Churcher,Female,94,73,10
25,Kalil,Winridge,Male,97,76,47
26,Roberta,Trustey,Female,12,58,93
27,Andriana,Morilla,Female,73,19,60
28,Verla,Gower,Polygender,75,43,62
29,Gizela,O'Dowgaine,Female,70,44,33
30,Gerald,Shadbolt,Male,18,66,95
31,Koo,Lumox,Female,78,45,51
32,Juana,Crumpton,Agender,86,33,4
33,Fernanda,Graysmark,Female,96,67,69
34,Flo,Lindemann,Agender,18,82,15
35,Licha,Tomik,Female,61,36,97
36,Nilson,Roxby,Male,34,13,96
37,Kaitlyn,Carriage,Genderfluid,64,6,86
38,Marmaduke,Perott,Male,75,98,50
39,Pernell,Pilipyak,Male,93,51,69
40,Shawn,Spandley,Male,3,53,57
41,Cory,Philcock,Male,35,28,4
42,Alexina,Bulfield,Female,10,71,58
43,Lita,Verbeek,Female,98,2,91
44,Sibbie,Chrystie,Female,18,67,30
45,Malanie,Roma,Non-binary,15,68,97
46,Desirae,Wolfarth,Female,24,51,85
47,Amii,Comben,Non-binary,60,29,98
48,Nickie,Oganesian,Female,49,85,1
49,Humfrid,De Laci,Male,59,47,31
50,Valentino,Walthew,Male,13,31,12
51,Marcus,Edlyn,Male,1,21,63
52,Shaylah,Sutcliffe,Female,86,86,98
53,Jaimie,Mogridge,Female,95,19,25
54,Orly,Newarte,Female,57,81,39
55,Crosby,Brunnen,Male,90,12,9
56,Imogene,Jorgesen,Female,15,63,42
57,Wat,Stonhewer,Male,38,91,78
58,Jarrad,Osan,Male,28,2,23
59,Heath,Manford,Bigender,71,7,32
60,Kermy,Frayne,Male,26,82,28
61,Jamill,Tearle,Male,15,26,22
62,Skell,Lapsley,Male,94,52,74
63,Hildegarde,Preedy,Female,40,40,68
64,Tessie,Hartas,Female,41,35,12
65,Lilas,MacGiffin,Female,77,25,41
66,Arvin,Ellgood,Male,11,15,38
67,Manfred,Cowhig,Male,58,39,20
68,Renaud,A'field,Male,75,22,58
69,Sumner,Hawkeridge,Male,58,44,59
70,Les,Gresty,Male,77,1,42
71,Hammad,Duer,Male,21,48,71
72,Fleurette,Cannings,Female,66,40,17
73,Lovell,Sugar,Male,76,60,68
74,Maribel,Cockrell,Female,16,74,24
75,Lucretia,Steanyng,Female,16,39,12
76,Gabrielle,Laven,Female,67,83,33
77,Rafferty,Larne,Male,3,27,87
78,Herrick,Simka,Male,50,45,35
79,Marnie,Balk,Genderfluid,58,24,32
80,Ashby,Vennard,Male,17,82,17
81,Emlyn,Costello,Male,10,97,96
82,Joshua,Molineux,Male,21,37,4
83,Hans,Trank,Male,93,25,48
84,Yank,Reason,Male,62,23,10
85,Alvan,Wankel,Male,88,79,5
86,Clark,Dufore,Male,51,48,31
87,Zola,Keaysell,Female,78,48,94
88,Uriah,Josefsohn,Male,76,82,27
89,Lark,Heims,Female,39,19,78
90,Danny,Beake,Female,77,97,46
91,Phillida,Betke,Female,8,34,55
92,Bald,Closs,Male,93,65,6
93,Bram,Sturrock,Male,7,1,84
94,Shannah,Peche,Female,86,59,9
95,Giacopo,Mildmott,Male,90,60,53
96,Sukey,Niessen,Female,18,74,10
97,Dev,Blanket,Male,30,51,23
98,Nada,Saintsbury,Female,26,47,92
99,Nathan,Snelson,Male,7,90,53
100,Francois,Wrotchford,Polygender,38,87,22
101,Marna,Baldery,Female,82,30,38
102,Starlene,Dimmne,Female,75,35,46
103,Jolee,Rospars,Female,25,51,46
104,Selestina,Sandwich,Female,1,81,88
105,Adela,Towhey,Female,84,24,89
106,Beverlie,Stitcher,Female,13,6,54
107,Clevie,Roycroft,Male,100,62,83
108,Germana,Borrowman,Female,65,88,55
109,Saundra,Cecere,Male,94,2,43
110,Becky,Cottrell,Female,17,2,100
111,Niccolo,Leonarde,Genderqueer,2,1,65
112,Andrew,Gorman,Male,29,35,11
113,Charo,Finlan,Female,43,31,31
114,Edee,Welfair,Female,9,4,54
115,Elisabet,Shard,Female,97,28,61
116,Doe,Terne,Female,63,74,62
117,Pierre,Sterricker,Male,94,30,53
118,Kristi,Dunbavin,Female,41,8,18
119,Rosemaria,Ucceli,Female,26,57,35
120,Orlando,Caizley,Male,91,32,5
121,Farlay,Fowlie,Male,87,23,3
122,Saloma,Fernley,Female,47,41,76
123,Marianna,Berford,Female,46,65,99
124,Colline,Dorr,Female,85,22,80
125,Sephira,Enrico,Female,80,36,7
126,Renate,Olenchenko,Female,76,95,87
127,Reiko,Layborn,Female,11,11,61
128,Brooks,Clist,Bigender,40,90,60
129,Jocelin,Cristofol,Female,42,61,58
130,Gustaf,MacCosty,Male,70,100,85
131,Debbi,Yewen,Female,97,44,65
132,Horatio,Matantsev,Male,4,22,24
133,Carol-jean,Laurens,Female,90,73,15
134,Cherida,Lightoller,Non-binary,83,24,34
135,Amos,Haggart,Male,4,6,92
136,Katrine,Kyme,Genderqueer,6,34,27
137,Peri,Gapper,Female,13,62,60
138,Irina,Shakesby,Female,9,24,86
139,Lenette,Lenihan,Female,24,61,67
140,Ingamar,Dzeniskevich,Male,82,44,46
141,Quincey,Augie,Male,18,11,15
142,Ophelie,Simeoni,Female,6,75,27
143,Yolane,Fieldstone,Female,49,31,23
144,Chic,Stuehmeyer,Male,32,65,59
145,Bird,Horburgh,Genderfluid,59,99,97
146,Michael,Castaneda,Male,83,38,39
147,Samuele,Corradino,Male,97,15,52
148,Konrad,Sidsaff,Male,90,81,29
149,Ingmar,Molesworth,Male,74,4,28
150,Gillan,Gower,Female,39,11,95
151,Torie,Merritt,Female,83,77,12
152,Bern,Ernshaw,Male,11,54,28
153,Rollins,Machans,Male,17,96,75
154,Man,Barukh,Male,29,70,83
155,Kally,Exposito,Female,63,43,46
156,Angelico,Nance,Male,44,98,77
157,Evey,Finley,Female,2,59,38
158,Lusa,Dunbleton,Non-binary,73,27,52
159,Haslett,Waterfield,Male,92,26,85
160,Cordelie,Valenti,Female,75,76,50
161,Manda,Haydn,Female,14,23,49
162,Elmo,Ginnally,Male,27,64,5
163,Wilma,Habard,Female,30,64,52
164,Andriette,Devonside,Genderqueer,88,29,87
165,Concordia,Locket,Female,69,55,2
166,Desi,Coweuppe,Male,69,69,25
167,Chane,Ruben,Male,73,90,39
168,Dolly,Bartolozzi,Agender,5,3,40
169,Almeria,Dowman,Female,13,100,88
170,Edd,Tabor,Male,53,97,6
171,Kalli,Thickins,Female,6,46,52
172,Lark,Arrol,Female,40,57,74
173,Cathe,Waitland,Genderfluid,28,62,87
174,Gratia,Willcocks,Female,46,58,62
175,Warden,Astlatt,Polygender,91,20,78
176,Cammy,Tevlin,Agender,99,57,87
177,Davy,Lauxmann,Male,50,68,87
178,Maddi,Breach,Female,67,67,53
179,Frankie,Reach,Agender,26,60,51
180,Lonni,Harrop,Female,18,66,5
181,Stan,Epple,Male,37,17,63
182,Geoffrey,Morefield,Male,60,76,71
183,Tanny,Fritchley,Male,34,98,4
184,Cornie,Widger,Male,83,81,21
185,Minnaminnie,Trewett,Female,78,67,67
186,Pavel,Bayne,Male,65,26,7
187,Madison,Cranke,Male,90,91,69
188,Eada,Elger,Female,35,63,95
189,Vanni,Gilvary,Female,65,50,48
190,Tracey,Baukham,Male,68,76,95
191,Demetra,Eley,Female,51,52,4
192,Nicol,Carey,Female,42,50,5
193,Stormi,Ingon,Female,89,60,44
194,Cookie,Bonnavant,Female,1,23,48
195,Marci,Coiley,Bigender,49,60,89
196,Courtney,Foldes,Male,94,52,97
197,Charmain,Sellars,Female,2,62,97
198,Kerry,Wasbrough,Female,1,7,17
199,Bertie,Dinjes,Male,17,5,75
200,Ferne,Camilleri,Female,30,71,14
201,Aretha,O'Deegan,Female,50,97,43
202,Langsdon,Stutely,Male,73,63,89
203,Elizabet,Turtle,Female,68,88,42
204,Rebbecca,D'Hooge,Female,14,47,18
205,Collete,Baiyle,Female,16,75,74
206,Carita,Braidman,Female,9,68,15
207,Beverley,Hinksen,Female,12,9,65
208,Minta,Skains,Bigender,99,60,12
209,Wenona,Haverson,Polygender,29,79,15
210,Holmes,Percifer,Male,19,57,21
211,Westleigh,Colnet,Male,27,76,25
212,Damiano,Clurow,Male,92,9,20
213,Fernande,Bostick,Female,12,4,77
214,Margalit,Weekly,Female,74,32,54
215,Renaldo,Hassekl,Male,86,66,83
216,Cleon,Matthewson,Male,94,92,9
217,Lorne,Johannesson,Female,24,15,40
218,Dynah,Wallage,Female,26,81,29
219,Nerte,Leblanc,Female,67,83,72
220,Adam,Lazell,Male,76,33,84
221,Meier,Cosgriff,Male,74,50,71
222,Ashlan,Mitskevich,Female,99,96,69
223,Shoshana,Otterwell,Female,76,34,9
224,Rockey,Crosse,Male,18,91,66
225,Ignace,Stagg,Male,11,19,40
226,Nester,Antonognoli,Male,75,82,15
227,Sallie,Arnhold,Female,16,89,22
228,Garnette,St Quenin,Agender,88,67,10
229,Druci,Coundley,Female,42,67,45
230,Nona,Claessens,Bigender,24,43,24
231,Munroe,Wharmby,Genderfluid,55,2,44
232,Brucie,Guarin,Male,18,12,13
233,Casey,Sowley,Male,71,16,88
234,Hilarius,Bedwell,Male,42,92,74
235,Juditha,Leverage,Female,17,55,18
236,Patten,Kimble,Male,79,73,63
237,Elsey,Moorfield,Bigender,32,14,100
238,Robers,Mostyn,Male,77,69,16
239,Gael,Butson,Female,88,94,7
240,Andy,Lemmers,Male,96,31,64
241,Giffie,Olligan,Male,51,79,86
242,Debbie,Camelli,Female,79,39,85
243,Livy,Kaming,Female,53,20,6
244,Brock,Jeffries,Male,66,96,33
245,Gabriel,Bindon,Female,8,65,75
246,Allyce,Pavlovsky,Female,2,27,31
247,Timoteo,Keer,Male,8,73,64
248,Saundra,Vanichkin,Non-binary,17,71,4
249,Kristo,Ridgwell,Male,32,60,6
250,Hermie,Monery,Male,37,98,79
251,Noby,Lardnar,Male,94,98,81
252,Abagail,Vuitte,Female,16,58,16
253,Alessandro,Palfreeman,Male,91,82,87
254,Klemens,Culleton,Male,55,52,73
255,Jerald,Hannis,Agender,13,53,77
256,Marieann,Barmby,Female,15,16,83
257,Mayor,Broscombe,Non-binary,19,32,35
258,Emmy,Haizelden,Male,37,24,26
259,Rollie,Pridie,Male,47,41,13
260,Benita,Branch,Non-binary,39,99,68
261,Lorelle,Callen,Female,6,76,83
262,Colette,Riccardelli,Non-binary,99,100,19
263,Duane,Benedicto,Male,52,76,48
264,Hillery,Forrington,Male,37,22,92
265,Joscelin,McCague,Female,44,91,58
266,Fernanda,Shute,Female,44,64,3
267,Gabby,Diemer,Male,42,46,5
268,Benn,Aiskrigg,Male,59,17,47
269,Jeannie,Catenot,Female,1,100,55
270,Kacey,Hum,Female,33,64,57
271,Binky,Styan,Male,56,90,82
272,Floria,Bogges,Female,97,59,58
273,Paula,Mellmoth,Female,34,25,67
274,Langston,Coupman,Male,34,56,46
275,Ash,Buckby,Male,92,41,33
276,Sharlene,Duchenne,Female,97,93,60
277,Leonanie,Chasmar,Female,91,15,28
278,Karrie,Prahl,Female,37,5,99
279,Mirabella,McEwen,Female,25,60,86
280,Cecil,Carn,Female,25,72,17
281,Melli,Spilsburie,Female,79,22,21
282,Leese,Tidd,Female,38,46,26
283,Hi,Peyto,Male,24,18,84
284,Thurstan,Aldersley,Male,75,61,5
285,Beatrix,Bompas,Female,56,92,96
286,Murry,Phipp,Male,18,73,58
287,Cash,Dane,Male,90,59,13
288,Mikel,Jaffray,Male,3,36,58
289,Dollie,Facchini,Female,46,19,20
290,Daphna,Motten,Female,37,64,95
291,Ryon,Shovelin,Male,29,55,54
292,Kenyon,Fakeley,Non-binary,61,82,27
293,Antonia,Christopherson,Female,91,66,21
294,Gerald,Ismay,Male,52,72,26
295,Opal,Simone,Female,30,22,80
296,Herb,Green,Genderqueer,79,6,33
297,Gaylene,Favel,Female,34,2,80
298,Chane,Munby,Male,17,21,80
299,Lonna,Caesar,Female,27,59,59
300,Rosanne,Haker,Female,1,67,26
301,Glad,Godridge,Female,26,96,30
302,Bondon,Bleaden,Male,43,93,36
303,Loni,Schechter,Female,34,99,3
304,Gwynne,Echalie,Female,18,39,13
305,Kaela,Stalman,Female,26,42,43
306,Izaak,Forsdyke,Male,50,13,8
307,Upton,Raisbeck,Male,81,55,59
308,Durward,Jeyness,Male,35,26,8
309,Kameko,Hackworthy,Female,62,91,22
310,Gusta,Domico,Female,33,32,64
311,Bartlett,Schirak,Male,32,3,96
312,Cointon,Guise,Male,92,95,42
313,Tani,Gianetti,Female,4,5,27
314,Sloane,Hirjak,Male,75,20,51
315,Butch,Strand,Male,97,83,19
316,Dwight,Inchan,Male,85,16,98
317,Hilary,Stuchberry,Female,42,69,100
318,Bradney,Richardsson,Male,35,81,57
319,Haskel,Abram,Male,99,30,48
320,Berkie,Ferreres,Male,37,100,47
321,Ronni,Dykas,Female,29,69,17
322,Suzanna,Chippendale,Female,94,86,26
323,Ag,Becaris,Bigender,50,35,97
324,Elbert,Rosson,Genderqueer,29,11,38
325,Gayelord,Eglin,Male,100,39,20
326,Harlin,Scrowby,Male,97,65,25
327,Idalina,Briers,Female,33,49,30
328,Lucius,Gurge,Male,41,26,62
329,Pippa,Isack,Female,30,49,51
330,Honor,Vany,Female,64,56,5
331,Maurits,Glossop,Male,73,78,4
332,Thedrick,Merrikin,Male,37,6,96
333,Andris,Lamperti,Male,2,30,46
334,Ashlie,Schroder,Female,4,4,25
335,Paulina,Hallowes,Female,18,62,33
336,Durant,Ivanyushin,Male,31,8,100
337,Anica,Eaden,Female,62,74,74
338,Krystyna,Basford,Female,32,68,56
339,Selma,Sailes,Female,60,42,92
340,Dore,Colbrun,Female,86,7,20
341,Haywood,Carrigan,Male,62,65,3
342,Ross,Parkeson,Male,76,34,26
343,Tansy,Pauer,Female,29,3,21
344,Jory,Yakubowicz,Male,40,31,24
345,Toinette,Olczak,Female,16,68,85
346,Peter,Leadston,Male,89,81,78
347,Fara,Hindhaugh,Female,34,5,18
348,Abdul,Hogbin,Male,6,74,87
349,Fax,Sygrove,Male,78,13,21
350,Livvy,Stubbley,Female,87,29,91
351,Ulysses,Taylorson,Non-binary,67,57,10
352,Nell,Hassey,Female,53,73,46
353,Regan,Donaho,Female,19,52,55
354,Obadiah,Spaight,Agender,34,57,91
355,Norri,Ravilus,Female,76,65,45
356,Chaim,Jervoise,Male,5,15,68
357,Meghan,Corse,Female,34,42,16
358,Sabra,Danjoie,Female,58,90,38
359,Pippy,Izak,Female,52,90,21
360,Imelda,Meysham,Female,77,30,87
361,Roshelle,Waudby,Genderqueer,19,67,31
362,Eliza,Huxter,Female,51,63,70
363,Yetta,Bredee,Female,81,32,27
364,Mathilde,Dilston,Female,12,34,5
365,Gertrud,Beckerleg,Female,86,62,8
366,Jsandye,Oxtoby,Female,16,68,21
367,Gareth,Tuke,Male,4,25,80
368,Lisha,Petken,Female,73,13,97
369,Emelen,Gladdolph,Male,61,27,96
370,Shayla,Burditt,Female,5,87,4
371,Gayle,Milnes,Genderfluid,42,66,7
372,Peggie,Everil,Female,32,56,82
373,Brier,De Beneditti,Female,32,22,7
374,Perceval,Iacobacci,Male,30,96,41
375,Hyacinthie,Hallmark,Female,56,68,81
376,Belva,Grinter,Female,58,6,35
377,Valentijn,Petroselli,Male,81,8,76
378,Polly,O'Cridigan,Female,93,12,10
379,Ursulina,Peterken,Female,41,3,9
380,Elizabet,Haggis,Female,42,32,59
381,Cheri,Haithwaite,Female,59,69,85
382,Bartram,Hawkeridge,Male,88,34,53
383,Blakelee,Schustl,Female,75,32,10
384,Armstrong,Probat,Male,51,33,49
385,Kata,Ranshaw,Polygender,48,18,96
386,Philippine,Targett,Female,42,82,86
387,Debi,Thrustle,Genderqueer,37,96,72
388,Denise,De Rye Barrett,Female,92,59,17
389,Millicent,Glazyer,Female,3,10,23
390,Noelyn,Cobbe,Female,35,29,61
391,Burke,Shortell,Male,25,35,17
392,Miguela,Corteney,Female,96,15,79
393,Whitman,Jiruch,Male,56,4,67
394,Ketti,Ivanchin,Female,17,82,45
395,Yancy,Fandrey,Male,96,67,64
396,Pamella,Hammerberg,Female,1,15,40
397,Ola,Reany,Female,72,17,35
398,Mannie,Mushet,Male,71,20,78
399,Elwin,Stranks,Male,1,47,41
400,Sherman,Leguay,Male,58,12,45
401,Mendy,Zealey,Male,72,90,83
402,Sharron,Sansam,Female,52,12,38
403,Tally,Crevy,Female,30,52,34
404,Mac,Pentony,Genderqueer,95,6,38
405,Jeff,Carnachen,Male,26,46,62
406,Harley,Crowley,Female,26,40,62
407,Brana,Di Filippo,Female,56,84,16
408,Reginauld,Vogel,Male,2,5,57
409,Georgie,Fydoe,Polygender,15,46,13
410,Urbain,Ickovic,Male,4,89,38
411,Colver,Nowak,Male,10,47,54
412,Tarrance,Lakes,Male,33,3,72
413,Aeriela,Brickstock,Female,97,91,93
414,Alistair,Le Sieur,Male,15,1,71
415,Lian,Barracks,Female,5,33,34
416,Lelah,Willarton,Non-binary,82,21,45
417,Carlen,Deehan,Female,86,1,46
418,Vince,Sidlow,Male,12,78,1
419,Barn,Monteath,Male,38,92,74
420,Lisha,Freake,Female,21,11,7
421,Paddie,Pogson,Male,9,10,63
422,Lynett,Adlem,Female,9,52,68
423,Clifford,Peirson,Male,84,92,12
424,Chandler,Winslade,Male,48,86,80
425,Darcey,Cow,Female,86,64,66
426,Nehemiah,Whitehouse,Male,11,22,29
427,Clemmy,De Anesy,Male,63,30,27
428,Sioux,Dalston,Female,35,81,50
429,Pepito,Attack,Non-binary,40,31,23
430,Morley,Dargie,Male,94,98,94
431,Lexi,Pinchon,Female,24,64,7
432,Joanne,McSporrin,Female,54,44,92
433,Robinson,Costen,Male,87,7,17
434,Thebault,Leathlay,Male,72,69,47
435,Mathe,Astupenas,Male,47,10,94
436,Aloin,Berrey,Male,12,34,95
437,Kele,Vescovo,Male,12,29,7
438,Alexine,Mc Corley,Female,41,47,92
439,Elia,Gatchel,Male,95,13,82
440,Erv,Benzi,Male,10,4,5
441,Whitney,Riseam,Female,12,79,91
442,Collie,Crankshaw,Female,58,15,15
443,Vite,Penkman,Male,93,9,15
444,Paton,Littley,Male,16,50,12
445,Dallis,Learman,Male,53,57,45
446,Porty,Riggott,Male,55,57,61
447,Jamal,Kneeshaw,Male,95,40,87
448,Abelard,Ajean,Male,17,26,29
449,Mahala,Reppaport,Female,95,45,41
450,Stephenie,Yesipov,Female,69,89,75
451,Lolita,Pray,Female,15,75,23
452,Vivian,Parmeter,Female,9,100,96
453,Catha,Crewes,Female,23,50,33
454,Renelle,Rickman,Female,5,45,6
455,Harlan,Arghent,Male,10,72,34
456,Maxi,Laban,Female,94,28,96
457,Olenolin,Cockings,Male,100,70,9
458,Fabian,Trethewey,Male,35,10,99
459,Clem,Fussell,Male,54,20,84
460,Gabriell,Alexandersson,Female,69,97,56
461,Maureene,Wandless,Female,31,22,57
462,Kahaleel,Hassekl,Male,90,82,96
463,Kenna,Webermann,Female,85,38,88
464,Otha,Spalls,Female,91,77,37
465,Lothaire,Akroyd,Male,81,36,69
466,Royce,Moles,Male,27,11,21
467,Celeste,Maiden,Female,37,1,20
468,Aurore,Ryson,Female,71,5,34
469,Cori,Quiddington,Female,58,52,13
470,Ottilie,Thurston,Female,71,26,56
471,Sarene,De Witt,Female,53,26,82
472,Claudell,Sexti,Male,28,38,44
473,Edin,Bickle,Female,96,71,30
474,Benedetto,Crookes,Male,33,82,97
475,Ogden,Crowdy,Male,33,64,57
476,Giacobo,Cayle,Male,78,53,32
477,Nydia,Woodwing,Female,45,73,22
478,Daryn,Gunthorpe,Female,51,100,18
479,Rene,Alcalde,Female,87,25,83
480,Estella,Goldthorp,Female,46,22,65
481,Mellisa,Wheal,Female,46,27,55
482,Burlie,Sage,Male,21,82,83
483,Cherin,Powell,Female,8,47,76
484,Leilah,Studd,Female,93,76,12
485,Billi,Wollrauch,Female,48,39,30
486,Timmi,Aleksidze,Female,55,73,50
487,Stu,Fayerman,Male,68,54,67
488,Car,Harty,Male,27,49,1
489,Connie,McDermid,Male,27,18,37
490,Basilius,Strute,Male,56,34,59
491,Urban,Stotherfield,Male,49,97,27
492,Minda,Speller,Female,26,30,92
493,Ericha,Ilyinski,Female,65,60,91
494,Andie,Cantos,Male,67,62,57
495,Cicily,Besant,Female,26,50,69
496,Lev,Courtliff,Bigender,57,52,32
497,Domenico,Cawdery,Male,45,32,84
498,Johnna,Stonehouse,Non-binary,73,47,70
499,Tiff,Kobel,Female,89,99,86
500,Erich,Shore,Male,3,36,61
501,Louisette,Jonathon,Female,31,71,92
502,Ailee,Minmagh,Female,52,64,79
503,Kittie,Warne,Female,76,79,33
504,Jess,Bygott,Male,45,82,83
505,Keith,Grebner,Male,71,53,17
506,Garner,Byfford,Male,80,7,36
507,Stavro,Caress,Male,12,96,16
508,Melisande,MacRorie,Female,55,82,22
509,Terrill,Soffe,Male,21,63,8
510,Dolph,Tulleth,Male,33,81,76
511,Dara,Rishman,Female,64,88,81
512,Barnaby,Comolli,Male,7,46,11
513,Osbourn,Larratt,Male,80,54,69
514,Opaline,Corradengo,Female,59,87,49
515,Goldarina,Goulbourne,Female,61,22,100
516,Cara,Brucker,Female,74,26,49
517,Sydney,Mayfield,Male,39,93,13
518,Julianne,Elby,Female,35,13,91
519,Adan,Ruddock,Female,40,98,17
520,Thorstein,Fley,Male,98,25,1
521,Lelia,Kibblewhite,Female,41,49,52
522,Lazare,Broadwell,Male,53,93,21
523,Hildegaard,Faust,Female,6,33,54
524,Gratiana,Hiom,Female,8,82,46
525,Cassie,Eaton,Female,58,56,53
526,Giff,Jaslem,Male,78,69,13
527,Gaynor,LaBastida,Female,34,29,18
528,Emilia,De Ruggiero,Female,23,49,26
529,Woodman,Glendining,Agender,85,47,91
530,Danette,Pettegre,Female,64,21,14
531,Trula,Bergstram,Female,38,26,31
532,Davis,Boyland,Male,62,89,43
533,Holden,Lively,Male,47,70,47
534,Ana,Camellini,Female,7,93,92
535,Brice,Brodeau,Male,63,21,70
536,Titus,Krysiak,Male,82,4,15
537,Fara,Argue,Female,13,67,63
538,Cayla,Melmore,Genderfluid,94,55,44
539,Lorettalorna,Bluck,Female,18,22,38
540,Alva,Gundry,Male,89,37,61
541,Zared,Altimas,Male,51,74,18
542,Tedda,Collingridge,Female,77,91,21
543,Conant,Meneer,Male,6,51,86
544,Rhodia,Lubomirski,Female,31,64,49
545,Amitie,Connachan,Female,6,53,17
546,Carlynne,Deeney,Female,58,28,46
547,Ingunna,Defty,Female,1,26,44
548,Jehanna,Balmadier,Female,59,85,96
549,Indira,Chennells,Non-binary,38,58,40
550,Willie,Jeckell,Female,39,96,33
551,Madlin,Prandin,Female,29,92,14
552,Appolonia,Labone,Female,72,27,26
553,Brooks,Millthorpe,Male,35,27,36
554,Tristan,Heball,Male,85,66,16
555,Caspar,Reace,Male,40,40,47
556,Gianni,Burchatt,Male,75,22,74
557,Mikkel,Burleigh,Male,98,66,42
558,Shana,Foucar,Female,51,91,29
559,Lisetta,Rodliff,Female,52,81,73
560,Winfred,Moyes,Male,29,50,73
561,Waverley,Maro,Male,42,98,97
562,Shepherd,Prosh,Male,38,24,51
563,Terrance,McNern,Male,69,2,48
564,Yolande,Jorgensen,Genderqueer,85,76,15
565,Ruy,Stonebridge,Male,14,62,30
566,Evy,Kiloh,Female,37,5,71
567,Dela,Robiot,Female,61,38,15
568,Zaneta,Lishman,Female,86,59,85
569,Damian,Larrad,Male,68,42,53
570,Pepito,Syres,Male,71,87,54
571,Brander,Tripney,Polygender,2,96,99
572,Fina,Greenman,Female,90,50,90
573,Zared,Slaight,Male,72,95,59
574,Dov,Usherwood,Male,63,39,81
575,Shamus,Woolhouse,Male,62,24,55
576,Cecile,Jenny,Female,57,1,98
577,Ivan,Barbosa,Male,55,55,93
578,Merrel,Concannon,Male,50,72,1
579,Filberto,Karpenya,Male,52,74,11
580,Kitty,Shorland,Female,89,86,36
581,Annaliese,Paudin,Female,21,80,19
582,Rivy,Hopfner,Agender,17,48,73
583,Ozzy,Dunderdale,Male,59,27,74
584,Mamie,Revill,Female,51,75,3
585,Worth,Radmer,Male,87,44,99
586,Holly,Simkin,Female,76,38,87
587,Rosabella,Baynom,Female,52,30,85
588,Haleigh,Ree,Female,19,62,83
589,Reina,Borgesio,Female,64,74,25
590,Joleen,Goodbody,Female,37,7,71
591,Perice,Ierland,Male,64,40,36
592,Manolo,Huffy,Male,56,38,21
593,Kiah,Laycock,Female,47,26,99
594,Jany,Coulston,Female,31,20,20
595,Keen,Naseby,Male,91,31,23
596,Tibold,Cubberley,Male,72,13,94
597,Carlyn,Ambrozik,Female,31,94,1
598,Virgil,Devas,Male,63,87,57
599,Scarface,Pere,Male,96,97,62
600,Madalyn,Bagley,Female,39,20,7
601,Willie,Tatterton,Female,88,37,51
602,Ivette,Ginman,Female,81,10,60
603,Lainey,O' Mullan,Female,25,44,7
604,Myron,Dabes,Genderqueer,64,6,95
605,Annabell,Cason,Female,70,52,73
606,Meade,Cowins,Male,10,86,44
607,Wendell,Gurrado,Male,15,2,71
608,Bartholomeus,Quimby,Male,67,59,30
609,Laurence,Lubeck,Polygender,9,7,85
610,Sanford,Marden,Male,64,52,52
611,Locke,Bergin,Male,95,26,6
612,Ransell,Allmond,Male,12,43,25
613,Etan,Twycross,Male,2,46,25
614,Antone,Kenvin,Male,29,67,90
615,Sam,Keneford,Male,47,80,79
616,Cher,Turpin,Female,31,43,62
617,Pren,Wyman,Male,50,82,9
618,Donnie,Mc Kellen,Male,60,15,22
619,Moyra,Vonderdell,Female,19,95,25
620,Darlene,Rotlauf,Female,20,52,27
621,Banky,Sulter,Male,47,39,64
622,Errol,Worpole,Male,91,72,62
623,Beilul,Spofforth,Female,88,57,43
624,Noland,Ortler,Genderfluid,16,98,53
625,Teressa,Purcell,Female,27,60,67
626,Bendicty,Spilsbury,Male,1,58,61
627,Gisela,Winders,Female,15,79,61
628,Roscoe,Goulter,Male,4,7,8
629,Hurlee,Ghidotti,Male,52,45,53
630,Maurits,Sirmon,Male,79,49,26
631,Waylen,Kaesmakers,Male,67,9,79
632,Zia,Bollins,Genderqueer,33,92,55
633,Andria,Pott,Female,19,21,50
634,Bernie,Danielsohn,Male,70,73,97
635,Matteo,Hyndson,Male,9,43,81
636,Ailee,Burril,Female,83,89,47
637,Berty,Midghall,Male,95,78,88
638,Lorita,Beseke,Female,80,13,91
639,Heall,Annice,Male,46,37,77
640,Bathsheba,Baume,Female,18,55,14
641,Harmonie,Duddle,Female,68,97,23
642,Amalia,Cumming,Female,79,33,5
643,Marcello,Shann,Male,96,9,46
644,Caron,Wethers,Female,99,43,29
645,Blinni,Pressman,Genderqueer,19,75,49
646,Andonis,Deetlof,Male,33,21,35
647,Rusty,Blowes,Male,70,31,93
648,Feodor,MacSween,Male,67,10,66
649,Elsa,Mullender,Female,90,67,32
650,Xerxes,Iacoviello,Male,92,29,94
651,Jaquenetta,Daulby,Female,41,73,61
652,Lesley,Skace,Female,6,11,57
653,Linoel,Coronas,Male,9,17,11
654,Claretta,Markwick,Female,79,79,63
655,Onfroi,Tolomei,Male,31,77,81
656,Yardley,Gillivrie,Male,24,7,97
657,Priscella,Dyble,Female,27,70,40
658,Cleon,Bransby,Male,90,88,13
659,Francisco,Bingham,Male,15,35,73
660,Brenna,Tillerton,Female,90,5,63
661,Hercules,Booth-Jarvis,Male,86,13,77
662,Marni,Batts,Female,3,72,37
663,Brnaba,Bottoner,Male,79,36,47
664,Ceil,Querrard,Female,17,65,53
665,Lincoln,Dowsing,Male,19,51,69
666,Ranice,Rimes,Female,76,68,97
667,Jacky,Scoterbosh,Male,82,39,33
668,Tiphany,Zoren,Female,5,100,64
669,Cyril,Hanlon,Male,25,49,87
670,Loydie,Domokos,Male,42,53,46
671,Loralyn,Sarge,Female,63,43,61
672,Fay,Tainton,Female,25,85,27
673,Tasia,Gillhespy,Female,52,2,95
674,Noelani,Murie,Female,27,13,2
675,Laural,Bourhill,Female,93,57,31
676,Cletus,Merwe,Male,69,49,44
677,Margareta,Oxbrough,Female,61,14,47
678,Bekki,Yerson,Female,22,32,81
679,Adolf,Dearsley,Male,40,65,100
680,Renaud,McManamon,Male,12,15,15
681,Ogden,Klemps,Male,69,10,61
682,Harwilll,Coggon,Male,1,37,74
683,Freida,McShea,Female,46,32,27
684,Bartram,Halewood,Male,7,63,51
685,Patric,Le Noury,Male,22,20,55
686,Marabel,Taffe,Female,71,57,60
687,Ewart,Fitt,Male,72,9,98
688,Annaliese,Gammon,Female,85,22,54
689,Giorgio,Marsters,Male,9,4,69
690,Verney,Breinlein,Bigender,24,76,31
691,Abbie,Elderbrant,Female,25,26,20
692,Garvy,Hakey,Male,56,23,15
693,Ker,Steggles,Male,33,98,75
694,Bartholomeo,Vayro,Male,68,51,34
695,Cooper,Iashvili,Male,96,82,53
696,Rayna,Densell,Female,95,80,59
697,Michail,Zoane,Male,92,79,53
698,Alonzo,Morecombe,Male,8,94,60
699,Madalena,Durber,Female,21,36,55
700,Bee,Curnok,Female,33,73,62
701,Myca,Turpey,Male,11,63,47
702,Clemmie,Cornau,Female,87,16,28
703,Athena,Keveren,Female,39,100,80
704,Hi,Sivewright,Male,51,63,22
705,Catrina,Nitti,Polygender,82,22,57
706,Ramsay,Cazereau,Male,19,10,59
707,Peterus,Uppett,Male,1,50,31
708,Twila,Hartright,Female,20,12,51
709,Elnore,Smyley,Female,33,44,14
710,Ross,Gouth,Male,89,65,100
711,Lamond,Kunzler,Male,89,78,18
712,Brittany,Elwell,Female,9,92,2
713,Sauncho,McCandless,Male,42,39,41
714,Lisetta,Anmore,Female,39,71,21
715,Sharron,Scholard,Female,91,60,38
716,Malena,Rubica,Female,22,59,81
717,Tallou,Schettini,Female,31,5,32
718,Hube,Smellie,Male,6,35,89
719,Dorian,O'Gleasane,Male,29,82,6
720,Linus,Boulsher,Male,59,62,39
721,Iris,Perot,Female,17,66,61
722,Buckie,MacIlhagga,Male,77,9,16
723,Siffre,Dallon,Male,54,27,32
724,Andrea,Musterd,Male,1,83,61
725,Almira,Borland,Female,59,71,7
726,Analiese,Efford,Female,33,15,36
727,Manuel,Alessandone,Male,69,98,38
728,Heinrick,Malek,Male,42,76,34
729,Raleigh,Crudgington,Male,61,60,13
730,Craggy,Habden,Male,43,3,16
731,Neda,Findlay,Female,7,23,80
732,Mario,Dumphy,Male,14,67,13
733,Chad,Errichi,Female,84,54,55
734,Meryl,Heinzler,Female,10,64,49
735,Wilona,Meriton,Female,99,83,67
736,Calida,Gockelen,Female,73,60,20
737,Nichole,Durdy,Male,61,58,79
738,Alfy,Stocken,Male,34,44,50
739,Hayden,Sumers,Male,68,7,47
740,Phedra,Wilmut,Genderqueer,88,4,54
741,Trescha,Van Rembrandt,Female,2,64,21
742,Terrell,McCaughran,Male,77,91,53
743,Berkie,McGivena,Male,67,83,8
744,Heath,Chominski,Male,82,76,62
745,Alden,Grimestone,Male,37,12,56
746,Reece,Babonau,Male,97,48,63
747,Cristian,Bundock,Male,97,86,17
748,Barthel,Sincock,Male,86,88,56
749,Wilden,Shipperbottom,Male,5,3,9
750,Gloriana,Siderfin,Female,69,5,9
751,Hersh,Abramino,Male,10,36,16
752,Hebert,Waterfield,Male,52,96,29
753,Standford,Threader,Male,45,85,15
754,Legra,Birtwistle,Female,51,92,78
755,Nady,Pardue,Female,10,48,92
756,Isaiah,Buckston,Male,8,93,24
757,Barbabas,Warbey,Male,99,63,23
758,Elvis,Hubberstey,Male,89,96,70
759,Wilburt,Balthasar,Male,62,50,15
760,Townsend,Blunsum,Male,31,11,47
761,Akim,Wapol,Male,74,96,14
762,Loydie,Studman,Male,70,39,48
763,Geordie,Shortland,Male,47,88,10
764,Matias,Stallard,Male,86,1,26
765,Rhona,MacDunlevy,Female,47,52,54
766,Zenia,Rattery,Female,52,31,88
767,Hastie,Cornau,Male,84,54,96
768,Dora,Diamant,Female,57,85,89
769,Yurik,Darrow,Male,67,86,29
770,Kora,Joe,Female,99,90,67
771,Noam,Whatman,Male,67,44,71
772,Warner,Von Welldun,Male,36,78,12
773,Joey,Tremathick,Female,78,58,26
774,Fin,Novelli,Male,90,85,36
775,Kipp,Circuit,Female,9,19,50
776,Arabela,Cloney,Female,54,4,44
777,Clotilda,Redish,Female,77,78,29
778,Gilles,Bumphries,Male,90,21,79
779,Raddie,Kilfether,Male,48,63,1
780,Verena,Kaspar,Female,77,30,98
781,Bancroft,Giercke,Male,72,44,64
782,Lynnet,Dallosso,Female,58,61,77
783,Dee,Bocking,Female,30,66,49
784,Augustina,Penning,Non-binary,14,28,85
785,Berta,Shackesby,Polygender,53,84,61
786,Hillyer,Ewbank,Male,76,37,26
787,Noak,Weyland,Male,36,44,87
788,Nate,Leivers,Male,95,71,48
789,Jodie,Wastall,Female,27,72,48
790,Octavius,Hughland,Male,4,29,26
791,Willyt,Wedderburn,Female,91,70,78
792,Dieter,Wreakes,Polygender,5,64,97
793,Ivory,Schiementz,Female,4,91,31
794,Gawain,Tordiffe,Male,82,90,55
795,Rurik,Granville,Male,98,3,45
796,Glendon,Halso,Male,95,33,74
797,Benedick,Lovelace,Male,58,96,98
798,Neil,Storror,Male,100,86,66
799,Marlin,Goghin,Male,12,51,95
800,Corabelle,Downes,Female,85,57,49
801,Shurlock,Janssens,Male,6,93,4
802,Caryl,Whorlow,Female,39,86,6
803,Gracie,Nelle,Female,37,98,64
804,Willabella,Smith,Female,11,8,37
805,Johnath,Listone,Female,23,51,80
806,Devland,Oda,Genderfluid,70,86,98
807,Conn,Hastelow,Male,53,37,71
808,Gabe,MacPharlain,Male,4,1,93
809,Ginelle,Smurthwaite,Bigender,63,89,59
810,Renaud,Lapslie,Male,88,51,77
811,Josey,Roggerone,Bigender,64,64,72
812,Felipe,Essel,Genderfluid,50,46,93
813,Rahal,Haysham,Female,57,53,36
814,Nate,Vertey,Male,100,63,89
815,Giulio,Lydiatt,Bigender,19,68,94
816,Clementine,Mateiko,Female,99,68,1
817,Kingsley,Ranyell,Male,35,83,60
818,Carmencita,Hawick,Female,59,75,86
819,Etty,Cohrs,Female,66,56,6
820,Haze,Tschiersch,Male,44,10,83
821,Freedman,De Ferraris,Male,16,41,23
822,Stillman,Fairhead,Male,12,23,67
823,Eleanor,Trimme,Female,18,96,61
824,Tome,Pappi,Male,34,8,13
825,Valdemar,Dowears,Male,23,39,51
826,Serena,Ruddock,Female,10,25,1
827,Rudolfo,Mohammad,Male,64,5,50
828,Loretta,Eplate,Female,92,22,51
829,Hercules,Gleed,Male,10,30,89
830,Peri,Conyard,Female,12,1,20
831,Isacco,Narey,Male,17,42,16
832,Vonnie,Hairs,Female,19,90,46
833,Derron,Dunniom,Male,98,1,13
834,Margette,Ducket,Polygender,58,100,32
835,Peyter,Roll,Male,59,100,22
836,Doralin,Ringrose,Female,88,18,91
837,Maxy,Eaton,Female,69,9,32
838,Brock,Ast,Male,27,39,70
839,Coletta,Earles,Female,25,80,29
840,Lauren,Bangley,Female,44,44,74
841,Millie,Burbage,Female,79,22,93
842,Riordan,Prest,Male,100,40,53
843,Job,Nehl,Male,27,12,83
844,Allyce,Effnert,Female,56,99,56
845,Pattie,Timmis,Female,64,69,84
846,Theodoric,Leele,Male,70,34,28
847,Tobit,Secretan,Male,4,24,88
848,Michale,Baniard,Male,81,62,49
849,Riobard,Burd,Polygender,62,87,49
850,Mordecai,Sawden,Male,85,58,1
851,Orbadiah,Peplaw,Male,61,12,14
852,Marian,Danielian,Female,89,37,97
853,Eugene,Bremeyer,Male,46,32,32
854,Lars,Sante,Male,82,66,48
855,Devina,Gianasi,Female,45,45,92
856,Ari,Pabst,Genderfluid,73,83,18
857,Mattheus,Maxstead,Male,66,2,79
858,Garret,Warmisham,Male,94,5,22
859,Theodora,Stourton,Genderfluid,46,72,6
860,Dinnie,Troctor,Female,17,3,78
861,Mabel,Choldcroft,Female,66,70,16
862,Brandy,Morrieson,Female,17,17,34
863,Art,Exposito,Male,83,19,96
864,Waverly,Woodruffe,Male,20,61,47
865,Rowan,Rookeby,Male,13,56,15
866,Cyndi,Wrathmall,Female,79,39,77
867,Madeline,Scoble,Female,93,87,52
868,Aluino,Pattrick,Male,9,65,97
869,Ammamaria,Alderton,Female,77,6,9
870,Mellie,Surguine,Female,74,16,50
871,Alvie,Lowden,Male,7,29,27
872,Adara,Swayne,Female,23,6,48
873,Sergei,Cotmore,Male,15,56,81
874,Friedrich,Alcide,Male,62,2,46
875,Reginauld,Kirman,Male,33,17,48
876,Aretha,Strapp,Female,68,20,66
877,Bryana,Burridge,Female,45,99,57
878,Belia,Jouanny,Female,43,16,34
879,Siana,Rumke,Female,14,1,87
880,Dory,Thome,Female,56,77,63
881,Muhammad,Newlin,Male,10,16,5
882,Filmore,McEntee,Male,37,41,100
883,Kelbee,Gowler,Male,49,55,14
884,Valentijn,Gummoe,Male,69,2,79
885,Briggs,Piser,Male,83,30,12
886,Carl,Woodlands,Male,76,76,69
887,Chery,Dumphrey,Female,92,1,60
888,Buckie,Grindle,Male,86,73,81
889,Onfroi,Brickstock,Male,49,38,55
890,Alys,Scryne,Female,60,63,15
891,Bruno,Emerton,Male,96,90,38
892,Dora,Henden,Female,98,77,74
893,Marven,Crielly,Male,59,83,67
894,Tally,Fayerman,Female,15,19,97
895,Teddy,Cleveley,Male,10,94,89
896,Adriane,Tubble,Bigender,40,60,97
897,Juliet,Pellingar,Female,74,70,22
898,Hamlin,Baford,Male,71,95,27
899,Sosanna,Boays,Female,73,53,95
900,Ailis,Strute,Female,49,32,43
901,Dagny,Cassius,Male,1,62,99
902,Raleigh,Vamplers,Male,60,6,49
903,Theo,Lerwill,Female,68,93,4
904,Brannon,Hoggins,Male,63,34,35
905,Felice,Pountain,Polygender,18,56,44
906,Schuyler,Cleeton,Genderqueer,52,19,32
907,Lew,Hayworth,Non-binary,48,31,10
908,Horatia,Thurlby,Female,99,88,98
909,Alica,Cotsford,Genderfluid,16,9,80
910,Cecilius,Crumb,Male,79,49,47
911,Cedric,Trunkfield,Male,73,52,65
912,Hurleigh,Hinks,Male,26,96,61
913,Javier,Rhule,Male,28,62,63
914,Rozella,Danelet,Female,66,21,75
915,Merill,Renzullo,Male,85,59,100
916,Herc,Ziemsen,Male,79,17,66
917,Celestine,Carnoghan,Female,100,1,57
918,Corette,Shewon,Female,19,94,16
919,Andi,Itzkov,Female,8,12,85
920,Yule,Stennings,Male,72,72,98
921,Christian,Sprott,Female,78,97,9
922,Loleta,Etheridge,Female,44,4,77
923,Viva,Wingrove,Female,36,38,92
924,Bertina,Wharby,Genderqueer,50,74,10
925,Rebe,O'Hoey,Female,80,59,86
926,Bree,Yonge,Female,45,24,33
927,Dimitri,Ilyuchyov,Male,81,90,60
928,Jeanie,McGlaud,Female,98,24,4
929,Damon,Pettegree,Male,45,69,76
930,Reynold,Driffield,Male,22,61,90
931,Dewitt,Ruckhard,Male,70,97,89
932,Grove,Isaacs,Male,20,72,21
933,Desmond,Cliss,Male,20,87,19
934,Robin,Beckhurst,Male,49,87,76
935,Collette,Bristowe,Female,4,16,24
936,Bartolomeo,Maydway,Male,44,18,97
937,Burr,Pedreschi,Male,67,2,76
938,Desmond,Simison,Male,33,34,73
939,Leonid,Holsey,Male,11,43,9
940,Sibelle,Steane,Female,32,86,45
941,Finlay,McKean,Male,88,96,54
942,Ester,Spurier,Female,58,77,86
943,Flori,Kermannes,Female,45,94,7
944,Claiborne,Blunsom,Male,42,25,91
945,Verge,Risen,Male,12,33,22
946,Vevay,Evert,Female,1,11,2
947,Larissa,Hutchings,Female,55,58,54
948,Judon,Giottini,Male,14,48,40
949,Raven,Harpin,Female,90,13,49
950,Ernesto,Baleine,Male,32,58,46
951,Lenna,Blaschek,Female,14,91,19
952,Flory,Orsman,Male,68,25,45
953,Tuck,Ferreiro,Male,2,60,19
954,Fin,Berwick,Male,56,2,41
955,Craig,Umpleby,Male,57,99,27
956,Morten,Poundford,Male,93,72,52
957,Cecilio,Serris,Male,71,58,6
958,Maximilien,Heine,Male,73,55,13
959,Ellyn,McConigal,Female,77,86,62
960,Tansy,Udale,Female,1,47,49
961,Feliks,Showell,Male,13,77,8
962,Phedra,Swinfon,Female,63,99,63
963,Eric,Pillans,Male,23,39,8
964,Sheree,Kuschel,Female,54,38,19
965,Belicia,Yegorov,Female,44,43,58
966,Robbert,Yell,Male,51,58,70
967,Debor,Harbottle,Female,62,94,74
968,Winona,Lynett,Female,85,79,38
969,Kailey,Orrell,Female,83,86,76
970,Meara,Kruse,Female,19,2,58
971,Tuck,Agius,Male,51,35,81
972,Bartram,Ivel,Male,49,89,16
973,Ailsun,Treversh,Female,24,70,80
974,Joletta,Smowton,Female,5,58,100
975,Michale,Beasleigh,Male,57,19,55
976,Jodi,Garrie,Female,5,47,62
977,Saba,Baglan,Female,22,8,50
978,Bo,Wohlers,Male,35,79,20
979,Gelya,Nand,Female,71,59,26
980,Leelah,Harniman,Polygender,98,13,18
981,Gene,Schulkins,Male,36,27,67
982,Sasha,Shwenn,Agender,71,83,70
983,Fleur,Goodwyn,Female,71,43,14
984,Dame,Leverentz,Male,90,100,32
985,Siusan,Hulcoop,Female,1,56,39
986,Bernard,Saurat,Male,8,95,27
987,Kellyann,Lelande,Female,28,19,36
988,Juliana,Frick,Female,90,79,26
989,Nathalie,Mantram,Female,93,58,33
990,Emmalynne,Thandi,Female,15,71,2
991,Tiphani,Wolver,Female,59,16,96
992,Clemmy,Stobbart,Agender,49,37,4
993,Ashlan,Bennough,Female,16,5,39
994,Marc,oldey,Male,8,71,14
995,Susi,Beatey,Female,15,69,26
996,Prent,Dering,Male,27,21,7
997,Rosalinda,Sacaze,Female,8,24,73
998,Ansell,Pantridge,Male,29,56,55
999,Anabella,Delgua,Female,79,100,84
1000,Rafaela,Palke,Female,52,42,48